,Run_0_CV_0,Run_0_CV_1,Run_0_CV_2
RF,0.9056029524539877,0.9352952453987731,0.9068648726851852
SVM,0.896292657208589,0.9282256518404908,0.8968701774691358
