,Run_0_CV_0,Run_0_CV_1,Run_0_CV_2
RF,0.9185319210122699,0.8935247315950922,0.9176673418209875
