,Run_0_CV_0,Run_0_CV_1,Run_0_CV_2
RF,0.9196822277607362,0.9004625191717792,0.9257209683641976
