,Run_0_CV_0,Run_0_CV_1,Run_0_CV_2
RF,0.8598809080323918,0.9081978362970843,0.868769072089338
SVM,0.8274563131332483,0.8591739181410433,0.8475978951478043
