,Run_0_CV_0,Run_0_CV_1,Run_0_CV_2
RF,0.882560442971513,0.8460338258947756,0.8837400230472257
