,Run_0_CV_0,Run_0_CV_1,Run_0_CV_2
RF,0.8644929981371605,0.8741720696987918,0.8761659418632691
