,Run_0_CV_0,Run_0_CV_1,Run_0_CV_2
RF,0.705852076075514,0.8087581372709352,0.7256119886327198
SVM,0.6386670653411439,0.706236167374186,0.686007787693479
