,Run_0_CV_0,Run_0_CV_1,Run_0_CV_2
RF,0.7525282506111418,0.6812950631540794,0.7563141834544729
