,Run_0_CV_0,Run_0_CV_1,Run_0_CV_2
RF,0.7162240904884619,0.7368735017534909,0.7410851019712066
