,Run_0_CV_0,Run_0_CV_1,Run_0_CV_2
RF,0.866912030240867,0.8767802706787867,0.8791751180001551
