,Run_0_CV_0,Run_0_CV_1,Run_0_CV_2
RF,0.8825845810405282,0.8527901653811195,0.885868141654734
