,Run_0_CV_0,Run_0_CV_1,Run_0_CV_2
RF,0.8616076175280999,0.9107351712363947,0.8719926041395181
SVM,0.8307966490854064,0.8629571215172424,0.8562412349447287
