,Run_0_CV_0,Run_0_CV_1,Run_0_CV_2
RF,0.8663484486873508,0.8758949880668258,0.8779904306220095
