,Run_0_CV_0,Run_0_CV_1,Run_0_CV_2
RF,0.8615751789976134,0.9093078758949881,0.8708133971291866
SVM,0.8305489260143198,0.8615751789976134,0.8516746411483254
