,Run_0_CV_0,Run_0_CV_1,Run_0_CV_2
RF,0.883054892601432,0.8496420047732697,0.8851674641148325
