,orfs,pfam,ko,cog,cazymes,Orfs_anno_ko%,Orfs_anno_cog%,Orfs_anno_cazymes%
Aq_sp_Aq135,3890,6625,1050,2461,75,26.99228791773779,63.26478149100257,1.9280205655526992
Aq_sp_Aq107,4431,7682,1136,2788,142,25.637553599638906,62.92033401038141,3.2046941999548633
Aq_sp_Aq349,4880,8603,1213,3137,105,24.856557377049178,64.2827868852459,2.151639344262295
